pName,pAddress,pCity,pState,pZipcode,pCardType,pCreditCardNo,pCreditCardMonth,pCreditCardYear,pNameOnCard
optimus1,Add1,Pune,Maharashtra,12345,Visa,123456,10,2025,optimusPrime
optimus2,Add2,Pune,Maharashtra,12346,Visa,123456,11,2025,optimusPrime
optimus3,Add3,Pune,Maharashtra,12355,Visa,123456,12,2025,optimusPrime
optimus4,Add4,Pune,Maharashtra,12345,Visa,123456,11,2025,optimusPrime
optimus5,Add5,Pune,Maharashtra,17345,Visa,123456,4,2025,optimusPrime
optimus6,Add6,Pune,Maharashtra,12345,Visa,123456,5,2025,optimusPrime
optimus7,Add7,Pune,Maharashtra,12845,Visa,123456,6,2025,optimusPrime
optimus8,Add8,Pune,Maharashtra,12345,Visa,123456,7,2025,optimusPrime
optimus9,Add9,Pune,Maharashtra,12345,Visa,123456,8,2025,optimusPrime
optimus10,Add10,Pune,Maharashtra,12345,Visa,123456,9,2025,optimusPrime
